,col1,col2
a,1,0.7357337050599978
b,7,0.3891701763872749
c,9,0.40280592613686983
d,8,0.5043109987408853
e,9,0.150690744320221
f,6,0.8806395199537226
